{
	"version": "0.3.18", 
	"suite": "unknown_suite", 
	"function_id": 8, 
	"function_name": "Rosenbrock", 
	"maximization": false, 
	"algorithm": {"name": "DSP", "info": ""},
	"attributes": ["evaluations", "raw_y"],
	"scenarios": [
		{"dimension": 40,
		"path": "data_f8_Rosenbrock/IOHprofiler_f8_DIM40.dat",
		"runs": [
			{"instance": 1, "evals": 400, "best": {"evals": 327, "y": 2702.1855754770872, "x": [-2.0365575100474933, -0.6629268217592859, -0.4864430920909994, 1.504018481175237, -3.2771515973005343, -2.191648436514765, -0.8992300460969224, -2.1116765405043707, -2.466867530347115, -0.0330613117665214, -1.958155002438948, -0.16808433896094419, 1.673439622441992, -1.377501330786813, -2.34518393253724, -1.4710337808324279, -0.6034943490135553, -0.36816165437081055, -3.1050041471594487, -2.760140765918367, -2.59268399916405, -1.681459379155519, -2.5523613556083653, -3.328118193962867, -2.7511962172865196, -1.0991322873452545, 2.726836765101343, -1.4279879144724033, -3.3365786499102397, -2.1037188507109206, -3.382477414084165, -3.649135306396536, 2.0324640106413443, -2.55107787131068, -3.587367314032598, -1.0212658818704188, -1.4321046484639472, -2.943823561335783, -2.650569267958321, -0.5069691196195256]}},
			{"instance": 1, "evals": 400, "best": {"evals": 320, "y": 7872.832161781572, "x": [-2.1603251104170385, -2.406416809889669, 0.2934200738757812, 1.0622872509914247, -3.813783456778852, -1.4538991423413343, -1.1537740783376815, -2.6195531090931437, -1.4530022778382943, 0.68184850322998, -4.200717009694921, 0.2078484724021053, 2.587447616728119, -1.2925402393197831, -2.40687056445533, -2.3142055760838063, -1.220203709622946, -0.8390192010392683, -3.8393336298985967, -1.866761622440708, -2.0711120794047204, -2.8150955385498695, -1.8855115487532255, -3.484510187939114, -1.0201868369516998, -3.4324566025568277, 1.059497720024626, -1.7701301357903694, -1.7054895692253047, -0.7496187462905956, -2.816332629280527, -3.0684235257241697, 2.0684871397849847, -2.5822740647718736, -2.1980232342124144, -0.40101977635089736, -1.827482319554784, -1.8145978847233961, -3.5948245728304773, -3.27691663886032]}},
			{"instance": 1, "evals": 400, "best": {"evals": 341, "y": 6147.3433253655885, "x": [-1.3720189618764849, -2.6884171747756684, -1.592615466982875, 2.1087739351180685, -2.320025683307191, -3.0771816143350526, -1.6277926313938846, -2.3640205511319445, 0.23518002451790007, -0.12412544868110761, -1.6360311844131765, -0.5025607740231431, 0.8905823376608727, -2.154161873521791, 0.34761036518162564, -1.0201681299944223, -0.6649062897556627, -0.2843808063514139, -3.3771644948296546, -2.7347814855880164, -0.6501331843421145, -1.398140808370825, -2.0569044696948855, -2.7369269196445125, -1.740058783412202, -1.21015611543629, 1.9282036893381955, -1.8656397108614662, -1.743934711857453, -1.0650298312840532, -2.9297370258019004, -2.610319014737321, 1.8140566102093336, -1.726820515319067, -2.8312659174922623, 0.43424670726693676, -2.4006154126060144, -2.9165704747378434, -3.8847499677614135, -1.570148409044481]}}
		]}
	]
}
