{
	"version": "0.3.18", 
	"suite": "unknown_suite", 
	"function_id": 12, 
	"function_name": "BentCigar", 
	"maximization": false, 
	"algorithm": {"name": "DSP", "info": ""},
	"attributes": ["evaluations", "raw_y"],
	"scenarios": [
		{"dimension": 40,
		"path": "data_f12_BentCigar/IOHprofiler_f12_DIM40.dat",
		"runs": [
			{"instance": 1, "evals": 400, "best": {"evals": 24, "y": 613592874.8464946, "x": [2.754716905489452, 1.0277111535282029, -0.013952682369927858, -1.1377285812264364, -0.6245138413457721, -4.148304217073529, -2.5587985582872115, 5, -5, 1.8143751226506621, -2.512099145113136, 1.9150028306254643, 0.033268390368838406, 2.0181048539760242, -3.4544900831044156, 1.0419083868867491, 0.5180145178783633, -1.3071368587049361, 4.735034659522249, -1.4645241487896394, -0.13607147730073252, 3.200912383584899, -2.0469293864303277, -2.6079861462919194, -3.1606133623680024, -0.6576874940106809, 1.33038167775152, -0.5512662343641183, 1.497776022968755, 1.4727473581309345, -0.5291747275527393, -0.8485632662704035, 0.6939549494508231, 2.0138823301656403, -2.9074275167912718, 0.2858865124727421, 0.36825372323428124, -1.348977305730331, 0.02675861440178606, -0.9694243967266952]}},
			{"instance": 1, "evals": 400, "best": {"evals": 22, "y": 447731360.91462785, "x": [0.6293288939403623, 1.1449518945328527, -0.40588842538512876, -4.174885332437228, -3.2201420695290475, -1.5260379579392787, 0.24426363206887522, -2.914826805193899, 0.7882529942172712, -0.03557437435861347, -2.555103771474179, 1.259281702791816, 1.905331745470439, 0.14547023351126367, 2.156691565612738, 3.2232605632588363, -2.4051728500584697, -5, -0.3641516853207037, -1.5724331457618237, -1.017740672296321, 1.3072390142952, -1.4490012745941894, -3.922454885564484, 3.293508102109491, -3.5416286385309776, -2.56765342658737, -5, -2.909961932792583, -1.5123764126593269, 1.9168264995510602, 5, 0.32162160828336406, 1.0139768460875096, 2.1524651188532085, 5, 0.8558675855393134, -0.9637094196105086, -4.729411335883265, 2.1008857699755263]}},
			{"instance": 1, "evals": 400, "best": {"evals": 21, "y": 458286773.8481359, "x": [3.640806312088383, 0.9783565627344489, 1.958322119051688, -4.603921442768623, -4.629609170276026, -2.3563765082705532, -3.164106009465775, 2.4770984048763514, -0.28435706359020835, -1.8200663179632155, 0.43212553063930065, 4.091957934288568, 4.131177635001897, 2.3193382748783744, -0.13021266130096618, -1.8844266843998114, -2.105771587179565, -2.1026187336109823, 0.30826647654781786, -2.734492190894821, 0.24171058099791878, 0.9862216040528046, -2.91490662502369, 1.7388158174062003, 1.7466799083890043, 3.0263343334893458, -1.9468534628137386, 1.3633842054645038, 2.1660928189271975, -2.0874351305354226, -1.8464066579345433, -0.8129916507693324, 0.13249749274216593, 0.08789249069128342, 0.1216922959552419, -3.280602175113642, -3.3294427798390926, -1.355791918393457, 1.6581095837617796, 0.7250625643604438]}}
		]}
	]
}
