{
	"version": "0.3.18", 
	"suite": "unknown_suite", 
	"function_id": 21, 
	"function_name": "Gallagher101", 
	"maximization": false, 
	"algorithm": {"name": "DSP", "info": ""},
	"attributes": ["evaluations", "raw_y"],
	"scenarios": [
		{"dimension": 40,
		"path": "data_f21_Gallagher101/IOHprofiler_f21_DIM40.dat",
		"runs": [
			{"instance": 1, "evals": 395, "best": {"evals": 388, "y": 8.512242328358148, "x": [0.8660311993865922, -1.0529810111352822, -1.524342949624249, 5, -2.1646428325833496, -4.438218445592219, 1.2392067098644233, -1.2108245326831573, -0.8152966382021014, -0.22247338841512918, 5, 0.25017131825312994, 5, 0.18197052292814656, -2.853407471527098, -0.6303198690098964, 2.2250512405308145, 1.1600367563992946, 2.789224876164543, -2.1184779294289138, 2.4931169791962677, 0.5358388670640947, -5, 2.1939586664067576, -3.205839464288403, 2.455360787788498, 1.8753843382779132, 0.43543862232576674, -5, -1.5880609262983998, -1.0530224299583004, 1.4056675954622544, -1.7508261336401487, 3.13599417483066, 0.20200206193765385, 3.829705420147005, -1.8006940163161034, -1.1495646007505929, -5, -2.7354256016490184]}},
			{"instance": 1, "evals": 395, "best": {"evals": 384, "y": 11.365523596808234, "x": [-3.0185572468414263, -2.297235387884556, 0.8417233135097358, -5, -0.8606907621824847, -5, 4.054800441150488, -3.5938461037787137, -5, -1.3768313239006458, -3.906090592343811, 0.8535574805642354, -0.11669464431653273, -3.546227415054755, 4.008452903023438, -2.7499210738170166, 3.168362494425527, -2.147394250690568, 1.2047049465681223, -0.008289812659359151, -5, -4.694694345420073, 3.1231433861421967, -2.801497102063184, 2.9479226492912707, 1.8783010054456593, -3.4157517772473045, 4.609547927056402, 3.9014612494408696, 2.643873406129862, -0.058812247846865694, 3.6984661335506552, -0.7777230171104524, 3.6625982322200827, -3.087852930970583, -1.0655834588197495, -2.1733657184573305, 2.0851280769645246, 0.8349876637307567, -3.2264524741344656]}},
			{"instance": 1, "evals": 395, "best": {"evals": 387, "y": 4.201140482386055, "x": [-1.723265277532558, -1.0119340042633154, -1.8204654449458835, 5, -0.5314526402285198, 4.851265572439572, -1.4047894244364265, -2.183727329160231, -2.8569486286947936, -3.5873004240301465, -3.180761302073456, 3.3289566843513794, 4.914811390235574, 1.2160237023645117, 5, -1.7526141419319394, 0.8210949267469684, -3.7386133048606665, -2.7862922269184156, 1.7157923285925367, -4.77877816822126, 0.9970983976162938, 2.8596575409458467, 3.8658894435184754, -5, 2.1198445396492946, -1.5247171726118445, 0.2223691795348497, -0.015498766773477252, 3.3479821009018833, 5, -5, -1.687880211279137, 1.7638859413826007, -0.34165433657318567, 0.27797680027706273, 2.405909711036033, 0.2999548048289824, 3.34934118584906, 2.768638728775405]}}
		]}
	]
}
