{
	"version": "0.3.18", 
	"suite": "unknown_suite", 
	"function_id": 15, 
	"function_name": "RastriginRotated", 
	"maximization": false, 
	"algorithm": {"name": "DSP", "info": ""},
	"attributes": ["evaluations", "raw_y"],
	"scenarios": [
		{"dimension": 40,
		"path": "data_f15_RastriginRotated/IOHprofiler_f15_DIM40.dat",
		"runs": [
			{"instance": 1, "evals": 400, "best": {"evals": 366, "y": 403.5304929594074, "x": [-1.8488839958572996, 1.6923302907851623, 1.901367617059003, 3.0386887549597037, 2.7459173570920243, -2.974712149528845, -2.1053604180450662, -1.175486054857263, -1.7918139611806116, -0.7563399516490582, -2.6118537477123387, -1.249387535861703, -1.340229979926267, -4.430197716205997, 3.338257648980522, 3.3941574086954236, 3.7807221531278965, -0.24427044535543402, -1.933795865354185, 1.1802361712911242, -3.122588437857828, 2.0720119101495467, 0.9683837167594255, 2.2238124816110205, 5, -3.9757969730273626, -2.379410531887357, -0.5700310332501711, -0.954201613782212, 1.8521225792758065, 0.7063433076914883, -0.1697849330885973, -0.9293005247670935, 1.51820095052314, -1.7513785079347017, 4.459284620086928, -0.11256302389159173, -3.203957229407372, -1.4006499985574505, -2.693258076897847]}},
			{"instance": 1, "evals": 400, "best": {"evals": 201, "y": 419.5524769230901, "x": [-3.586094029313019, 3.5623762382841555, 2.8435865235174465, 3.7382111682674597, 0.6979595818329787, -3.177904412120103, -3.262955444536843, 1.9198630791843403, -1.9206368918164085, -2.4025100475832772, -2.5218477024199, 1.6296665849681702, -1.1918814909888202, -3.5223946779428092, 2.2509805529694087, 3.0245340980620963, 1.4814630016547932, 1.0277537385474562, -2.4024342105319216, -1.4658297359666408, -1.1549781012493865, 0.7904408834480302, 1.3560974205932093, 3.502669190986849, 1.636180145744915, -3.424425431289601, -2.9575279606700215, -2.015135443215775, -0.6743380581021942, 1.568093068433439, 1.1688962460014585, 0.022584869218626045, -1.3704712774056467, 2.6591995847143615, -2.2228791854254375, 1.684152811331206, -1.4016170891235564, -3.067029870253871, -2.7601710547911975, -2.203109653636813]}},
			{"instance": 1, "evals": 400, "best": {"evals": 399, "y": 410.30117008916255, "x": [-2.125484032228176, 3.17210816834469, 2.042784760499228, 2.810419845196587, 3.0094918955567826, -2.166723224728809, -1.993157485087741, -1.1806826479249422, -2.609867866337967, -2.2860285746835918, -2.8343776946971846, -0.0435170135012897, -1.914071172878009, -4.285479864582224, 4.01089175478952, 1.7642915184319463, 2.0443707943534952, -1.7042540934071815, -1.3206541666430263, 0.6300108655309873, -3.7543711435288434, 1.5665553425043361, 0.6703795543761825, 2.218859172803928, 3.824566858681593, -3.15825437536501, -3.4047412356183338, -2.514848544810858, -1.20438187514842, 2.4336821993918134, 1.3219925305527085, 0.5500697006844727, -0.7288052981178808, 3.066684091187208, -2.103347355442247, 2.5554517691256335, 0.4268910200551926, -2.096378715939953, 0.23017649215293318, -0.940590159483628]}}
		]}
	]
}
