{
	"version": "0.3.18", 
	"suite": "unknown_suite", 
	"function_id": 1, 
	"function_name": "Sphere", 
	"maximization": false, 
	"algorithm": {"name": "DSP", "info": ""},
	"attributes": ["evaluations", "raw_y"],
	"scenarios": [
		{"dimension": 40,
		"path": "data_f1_Sphere/IOHprofiler_f1_DIM40.dat",
		"runs": [
			{"instance": 1, "evals": 400, "best": {"evals": 387, "y": 0.10963844707098172, "x": [0.18795894403816302, -1.162143719087447, -0.6791293047303565, 1.919909668447229, -2.7633806684784434, 0.3639432348580181, -0.11241068629100436, 0.12789795729684236, -1.6794369016970996, -3.0604533940748904, -3.885751546352333, 2.062327607460278, 1.148050178889252, -0.13387719918627938, 3.7491540643248964, 2.926222266775356, -0.1477016187923029, -3.9631629418697196, 2.3089259851750668, 1.3666945213802226, 0.3083399406425615, 3.83049368817675, 1.126656882219853, -1.1570411166191221, 0.7836298573983396, -1.82853227923945, 1.8399830383428022, 2.709151961006253, 2.022299889901637, 3.758332311713667, -0.5468111346880048, -1.5529745217361735, 0.45491838122190575, 1.889767463416288, -0.6207464663273302, 2.42072394379226, 1.7351419018135863, 3.9896274914430307, 0.6196444495228164, -0.7118399910820925]}},
			{"instance": 1, "evals": 400, "best": {"evals": 338, "y": 0.14924003023365245, "x": [0.281211611834707, -1.1425047144340728, -0.737501618365284, 1.918867551374557, -2.7469929980525607, 0.4085869922249525, -0.13102367263161474, 0.13833635530547492, -1.6782680860698187, -3.1184415470376083, -3.8064123710362665, 2.1283169516422196, 0.9561588307278704, -0.11067907578214543, 3.6007764756946097, 2.8831706684440794, -0.06364618946087147, -3.822589841720253, 2.295119839404162, 1.3855356478419651, 0.35807487166510266, 3.806322904382091, 1.2481732948239581, -1.3137558336951718, 0.8469439339072119, -1.768501248679158, 1.9188930986575694, 2.7312245525417005, 2.057616955926381, 3.721084712245806, -0.5029430150929086, -1.482128788347549, 0.36994010346032563, 1.8157580945651075, -0.598603693019625, 2.5769389258199698, 1.6142170290545241, 3.78046384082358, 0.5333818407206796, -0.6963826243104023]}},
			{"instance": 1, "evals": 400, "best": {"evals": 400, "y": 0.12416043609239232, "x": [0.2610032443896789, -1.2520771530034234, -0.7381022675718469, 1.9772478024971312, -2.7005898863088458, 0.47406637339373836, -0.13736985914477162, 0.06812079734178446, -1.6589422062266224, -3.0249303271842543, -3.8768009804157124, 2.044350986100921, 1.1576598717008055, -0.11491913669958814, 3.718834254770932, 2.933182817226267, -0.2308188996363383, -4.086893987384521, 2.337790016882794, 1.3170546527049285, 0.2880172606974936, 3.6942606086047176, 1.12637087148592, -1.2221595773238592, 0.8707784206223594, -1.728976905677017, 1.9767598970531037, 2.699926796894159, 2.0178935159449587, 3.8052851400425296, -0.4408256670409496, -1.4522206430811373, 0.4594248614183152, 1.8559852343541505, -0.5394473829510636, 2.4291563252473516, 1.6009426785313299, 3.8881465411327114, 0.5976954835607665, -0.6542926563218012]}}
		]}
	]
}
